/*
 Navicat Premium Data Transfer

 Source Server         : localhost-3306
 Source Server Type    : MySQL
 Source Server Version : 100427
 Source Host           : localhost:3306
 Source Schema         : booking_meeting

 Target Server Type    : MySQL
 Target Server Version : 100427
 File Encoding         : 65001

 Date: 29/06/2023 20:46:56
*/

SET NAMES utf8mb4;
SET FOREIGN_KEY_CHECKS = 0;

-- ----------------------------
-- Table structure for position
-- ----------------------------
DROP TABLE IF EXISTS `position`;
CREATE TABLE `position`  (
  `P_ID` int NOT NULL AUTO_INCREMENT,
  `P_NAME` varchar(40) CHARACTER SET utf8 COLLATE utf8_general_ci NOT NULL,
  `P_CODE` varchar(20) CHARACTER SET utf8 COLLATE utf8_general_ci NULL DEFAULT NULL,
  `CREATE_AT` datetime NOT NULL,
  `CREAYE_BY` int NOT NULL,
  `UPDATE_AT` datetime NULL DEFAULT NULL,
  `UPDATE_BY` int NULL DEFAULT NULL,
  `IS_ACTIVE` int NOT NULL DEFAULT 1,
  PRIMARY KEY (`P_ID`) USING BTREE
) ENGINE = InnoDB AUTO_INCREMENT = 5 CHARACTER SET = utf8 COLLATE = utf8_general_ci ROW_FORMAT = DYNAMIC;

-- ----------------------------
-- Records of position
-- ----------------------------
INSERT INTO `position` VALUES (1, 'Student', 'STU', '2023-05-22 20:03:09', -1, NULL, NULL, 2);
INSERT INTO `position` VALUES (2, 'Employee', 'EMP', '2023-05-22 20:03:09', -1, NULL, NULL, 2);
INSERT INTO `position` VALUES (3, 'Manager', 'MA', '2023-05-22 20:03:09', -1, NULL, NULL, 2);
INSERT INTO `position` VALUES (4, 'Admin', 'ADMIN', '2023-05-22 20:03:09', -1, NULL, NULL, 2);

-- ----------------------------
-- Table structure for users
-- ----------------------------
DROP TABLE IF EXISTS `users`;
CREATE TABLE `users`  (
  `USER_ID` int NOT NULL AUTO_INCREMENT,
  `FIRSTNAME` varchar(40) CHARACTER SET utf8 COLLATE utf8_general_ci NULL DEFAULT NULL,
  `LASTNAME` varchar(40) CHARACTER SET utf8 COLLATE utf8_general_ci NULL DEFAULT NULL,
  `ID_CARD` int NOT NULL,
  `STUDENT_ID` int NOT NULL,
  `EMAIL` varchar(40) CHARACTER SET utf8 COLLATE utf8_general_ci NULL DEFAULT NULL,
  `PASSWORD` varchar(255) CHARACTER SET utf8 COLLATE utf8_general_ci NULL DEFAULT NULL,
  `PHONE` varchar(10) CHARACTER SET utf8 COLLATE utf8_general_ci NULL DEFAULT NULL,
  `PROFILE_PATH` varchar(255) CHARACTER SET utf8 COLLATE utf8_general_ci NULL DEFAULT NULL,
  `USER_POSITION` int NOT NULL,
  `IP_ADDRESS` varchar(15) CHARACTER SET utf8 COLLATE utf8_general_ci NULL DEFAULT NULL,
  `LAST_LOGIN` datetime NULL DEFAULT NULL,
  `CREATE_AT` datetime NOT NULL,
  `CREATE_BY` int NOT NULL COMMENT '-1 = System',
  `UPDATE_AT` datetime NULL DEFAULT NULL,
  `UPDATE_BY` int NULL DEFAULT NULL,
  `USER_ACTIVE` enum('0','1','2') CHARACTER SET utf8 COLLATE utf8_general_ci NOT NULL DEFAULT '0' COMMENT '0 = Not Active, 1 = Active',
  `BIRTHDAY` date NOT NULL,
  PRIMARY KEY (`USER_ID`, `USER_POSITION`) USING BTREE,
  INDEX `fk_user_position`(`USER_POSITION` ASC) USING BTREE,
  INDEX `USER_ID`(`USER_ID` ASC) USING BTREE,
  CONSTRAINT `fk_user_position` FOREIGN KEY (`USER_POSITION`) REFERENCES `position` (`P_ID`) ON DELETE CASCADE ON UPDATE RESTRICT
) ENGINE = InnoDB AUTO_INCREMENT = 24 CHARACTER SET = utf8 COLLATE = utf8_general_ci ROW_FORMAT = DYNAMIC;

-- ----------------------------
-- Records of users
-- ----------------------------
INSERT INTO `users` VALUES (5, 'Saran1231', 'Wringsimma23123123', 2147483647, 624259027, '624259027@webmail.npru.ac.th', '$2y$10$v.dtEkLbWNM8qE7HmyHNOeIn51FTOJ5H/GGLA.W33Fn2lIUYijSDi', '0611230382', NULL, 1, '127.0.0.1', '2023-05-27 16:20:42', '2023-05-22 21:01:28', -1, NULL, NULL, '1', '0000-00-00');
INSERT INTO `users` VALUES (6, 'avDfnDD', 'V1nNSSSCm7', 2147483647, 741080341, 'bgGtFzGJ@v4Aj6.com', '$2y$10$vb.9DgR1Shz8Ror1KBqKq.dI7aUSxfYEOzZrQddkgoTOSUIDzUTwa', '0573856520', NULL, 4, '192.168.0.1', NULL, '2023-05-22 21:40:49', -1, NULL, NULL, '1', '2023-05-22');
INSERT INTO `users` VALUES (7, 'AvKuQb8', 'IQFWw8VCCt', 2147483647, 326047459, 'bmyGNemq@8oaYm.com', '$2y$10$qBCy/.UUpkzwfdhxFOrFtuNTcLGzXxOHqfNuvOIGpNcV/6R8RSKpe', '0639223933', NULL, 4, '192.168.0.1', '2023-05-22 21:42:47', '2023-05-22 21:42:43', -1, NULL, NULL, '1', '2023-05-22');
INSERT INTO `users` VALUES (8, '5Ln4t1K', 'SN07XcTHGK', 2147483647, 587236556, 'FVxEcxuN@KwuZN.com', '$2y$10$dE9KUq/yXESAYTEnbpN6yOzfxSCbfnc95UrmLLwFGQbHMZkbL2x0q', '0389017274', NULL, 4, '192.168.0.1', NULL, '2023-05-22 21:43:42', -1, NULL, NULL, '1', '2023-05-22');
INSERT INTO `users` VALUES (9, 'Nsmukq6', 'BlTXx7g9dM', 2147483647, 98129552, 'HBDb3b8T@AWEvt.com', '$2y$10$wHO5xWpNkQA8MhwWCSqKUeR2oG1AUSRtoMwqCOqb4WehAUe.oUa5O', '0228685367', NULL, 4, '192.168.0.1', NULL, '2023-05-22 21:43:45', -1, NULL, NULL, '1', '2023-05-22');
INSERT INTO `users` VALUES (10, '911We64', 'XpdvYwaazI', 2147483647, 384525605, 'm9oyCgyO@W2jVa.com', '$2y$10$ofh8HuaNLv6zDBVXUT/Qj.Qbb5QCs1qxMaTFHlziDA2p0fc8meTTu', '0360727564', NULL, 4, '192.168.0.1', NULL, '2023-05-22 21:43:50', -1, NULL, NULL, '1', '2023-05-22');
INSERT INTO `users` VALUES (11, 'GMY3MEC', 'JPdtQVj9M9', 2147483647, 225370767, 'x93A7Ek5@VyRLx.com', '$2y$10$6oHw2ZCZ8a1DszrGT3M.Z.hIpEPfGNA/HXdiVh80KAyr9Nz7mPxLG', '0435514771', NULL, 4, '192.168.0.1', NULL, '2023-05-22 21:43:55', -1, NULL, NULL, '1', '2023-05-22');
INSERT INTO `users` VALUES (12, 'SKYATkc', '4uarU23NWa', 2147483647, 403174681, '2Bh8Cv0v@ehpXR.com', '$2y$10$szSEtapFUjSrrRh5EkB5KOfs.4El5WiTZksq38KD105Fe/mJ4PZoa', '0971157727', NULL, 4, '192.168.0.1', NULL, '2023-05-22 21:44:03', -1, NULL, NULL, '1', '2023-05-22');
INSERT INTO `users` VALUES (13, 'LNqqe1b', '2IPOdjynEy', 2147483647, 946142399, 'K8OCu6cY@opK3g.com', '$2y$10$l2XT6N4JF3LbO.oUZnWTXOlsWHH0XpULnW8j5eiN3FCPloas1nWu.', '0020889833', NULL, 4, '192.168.0.1', NULL, '2023-05-22 21:44:05', -1, NULL, NULL, '1', '2023-05-22');
INSERT INTO `users` VALUES (14, '9CTDnSU', 'CWLTXPk9lH', 2147483647, 310507361, 'DLtZ1bYV@ttT4c.com', '$2y$10$Tz13bm62/eNEC7fhhtupbOuVuBNW5pPWwnMjpXYsMT7blFGo3a4E6', '0920487085', NULL, 4, '192.168.0.1', NULL, '2023-05-22 21:44:52', -1, NULL, NULL, '1', '2023-05-22');
INSERT INTO `users` VALUES (15, 'IbH5VqQ', 'CHGYvORO9K', 2147483647, 248159005, 'marpXfgH@tzJOu.com', '$2y$10$LgjDCA3AMLJ.nlv1KbYymO4bpLnpL1aPrKIdTYdRPcdhJGq7xhdvW', '0696552928', NULL, 4, '192.168.0.1', '2023-05-24 21:01:02', '2023-05-24 20:54:57', -1, NULL, NULL, '1', '2023-05-24');
INSERT INTO `users` VALUES (16, 'kSgCjs9', 'nt0magGhKE', 2147483647, 362503403, 'pOjK7RER@Vz394.com', '$2y$10$a2Rn4JsS5.oHlLKLdVCaCugF7wpJsHC7EW15lkE0l2NQBxOIgVC7K', '0625512258', NULL, 4, '192.168.0.1', '2023-06-11 11:49:02', '2023-06-11 11:47:46', -1, NULL, NULL, '1', '2023-06-11');
INSERT INTO `users` VALUES (17, 'AQGhiRH', 'uccHTS4jW1', 2147483647, 70823057, 'WVhRzuBA@fJtV1.com', '$2y$10$VRkBM35e5uMgp0/tn2579uJb3lmc2ymQveA1KzvBp6JfD7vWJg7sq', '0689832810', NULL, 4, '192.168.0.1', '2023-06-26 18:13:10', '2023-06-11 11:54:21', -1, NULL, NULL, '1', '2023-06-11');
INSERT INTO `users` VALUES (18, 'AcCPmeD', 'BVo9CxdQhr', 2147483647, 255428224, 'bFa7dVXW@N2zZO.com', '$2y$10$WjvhlWAWLBzweA9ktvHse.OisJqVEX2BsxO1T.eI4LRw45pWLWa7K', '0969422474', NULL, 4, '192.168.0.1', NULL, '2023-06-11 12:14:00', -1, NULL, NULL, '1', '2023-06-11');
INSERT INTO `users` VALUES (19, 'JGwsvCS', 'lYkCDAm34D', 2147483647, 229653633, 'KpNiKsCE@5Uc1H.com', '$2y$10$E0CFMqKCfWu/BkkqaOWT1./KoMJOHB5OlOVmj9Yt9yPFqLcXWrCf2', '0961680810', NULL, 4, '192.168.0.1', NULL, '2023-06-11 12:14:00', -1, NULL, NULL, '1', '2023-06-11');
INSERT INTO `users` VALUES (20, 'จักรินทร์', 'คุ้มใหญ่โต', 2147483647, 624259006, '624259006@webmail.npru.ac.th', '$2y$10$VThh4RtSo9sgHlXNnwNP8.1IT12Rc1DyFeHyuUVBT/CXa.0fOQIZG', '0948123801', NULL, 1, '::1', NULL, '2023-06-25 02:47:24', -1, NULL, NULL, '1', '0000-00-00');
INSERT INTO `users` VALUES (21, 'wITQqGๆไำกๆไกๆไก', 'IwIPabyhv6', 2147483647, 197925300, 'DmGSPd60@X3bfY.com', '$2y$10$e1RFSEdSGMf6ub73vlrnyu1es5DTCcf0Bs2Zwz1mx0CV2zS3tpwXO', '0340902937', NULL, 4, '192.168.0.1', '2023-06-29 18:48:52', '2023-06-26 18:56:26', -1, NULL, NULL, '1', '2023-06-26');
INSERT INTO `users` VALUES (22, 'ISjlZ8g', 'iSwmw63Hdx', 2147483647, 972843911, 'rmkegIaQ@GBNBE.V3Z', '$2y$10$PoUFRLivboaA6qbtZXZmDunelAO1ARwN2Q3Kokki73GMAG/eKLYiq', '0339166973', NULL, 4, '192.168.0.1', NULL, '2023-06-26 19:30:06', -1, NULL, NULL, '1', '2023-06-26');
INSERT INTO `users` VALUES (23, 'xDkFTFz', '4y2SGAfZiS', 2147483647, 35165601, 'CpDObNrd@vYDc2.uJn', '$2y$10$yHXGoAZvf1f7D/oZEM5KQOStbobPIAdeb4w/aubO3sj./tMVE559q', '0940649329', NULL, 4, '192.168.0.1', NULL, '2023-06-26 19:30:21', -1, NULL, NULL, '1', '2023-06-26');


-- ----------------------------
-- Table structure for rooms
-- ----------------------------
DROP TABLE IF EXISTS `rooms`;
CREATE TABLE `rooms`  (
  `R_ID` int NOT NULL AUTO_INCREMENT,
  `R_NAME` varchar(200) CHARACTER SET utf8 COLLATE utf8_general_ci NOT NULL,
  `R_CODE` varchar(20) CHARACTER SET utf8 COLLATE utf8_general_ci NULL DEFAULT NULL,
  `R_CHAIR` int NULL DEFAULT NULL,
  `R_TYPE` varchar(200) CHARACTER SET utf8 COLLATE utf8_general_ci NULL DEFAULT NULL,
  `R_STATUS` enum('Y','E','B') CHARACTER SET utf8 COLLATE utf8_general_ci NOT NULL,
  `R_LOCATION` varchar(200) CHARACTER SET utf8 COLLATE utf8_general_ci NULL DEFAULT NULL,
  `R_ATTENDANT` int NULL DEFAULT NULL,
  `R_EQUIPMENT` varchar(255) CHARACTER SET utf8 COLLATE utf8_general_ci NULL DEFAULT NULL,
  `IMAGES` blob NULL,
  `CREATE_AT` datetime NOT NULL,
  `CREATE_BY` int NOT NULL,
  `UPDATE_AT` datetime NULL DEFAULT NULL,
  `UPDATE_BY` int NULL DEFAULT NULL,
  `IS_ACTIVE` int NOT NULL DEFAULT 1,
  PRIMARY KEY (`R_ID`) USING BTREE,
  INDEX `fk_r_attendant`(`R_ATTENDANT` ASC) USING BTREE,
  CONSTRAINT `fk_r_attendant` FOREIGN KEY (`R_ATTENDANT`) REFERENCES `users` (`USER_ID`) ON DELETE CASCADE ON UPDATE RESTRICT
) ENGINE = InnoDB AUTO_INCREMENT = 6 CHARACTER SET = utf8 COLLATE = utf8_general_ci ROW_FORMAT = DYNAMIC;

-- ----------------------------
-- Records of rooms
-- ----------------------------
INSERT INTO `rooms` VALUES (1, 'มะจ๋องจองเปียกทูน่า', 'A1', 6, 'เล็ก', 'Y', 'NPRU', 5, 'เก้าอี้,ส้วม,น้ำเต้าหู้', 0x5B0D0A0922696D616765732F726F6F6D732F41312F696D675F312E6A7067222C0D0A0922696D616765732F726F6F6D732F41312F696D675F322E6A7067222C0D0A0922696D616765732F726F6F6D732F41312F696D675F332E6A7067222C0D0A0922696D616765732F726F6F6D732F41312F696D675F342E6A7067220D0A5D, '2023-05-27 03:03:49', -1, NULL, NULL, 1);
INSERT INTO `rooms` VALUES (2, 'มะแจ๋งกระจองอแง', 'A2', 10, 'กลาง', 'Y', 'NPRU', 5, 'เก้าอี้,ส้วม,น้ำเต้าหู้', 0x5B0D0A0922696D616765732F726F6F6D732F41312F696D675F312E6A7067222C0D0A0922696D616765732F726F6F6D732F41312F696D675F322E6A7067222C0D0A0922696D616765732F726F6F6D732F41312F696D675F332E6A7067222C0D0A0922696D616765732F726F6F6D732F41312F696D675F342E6A7067220D0A5D, '2023-05-27 03:03:49', -1, NULL, NULL, 1);
INSERT INTO `rooms` VALUES (3, 'พิรุณคำรามสะท้านฟ้า', 'A3', 16, 'ใหญ่', 'E', 'NPRU', 5, NULL, 0x5B0D0A0922696D616765732F726F6F6D732F41312F696D675F312E6A7067222C0D0A0922696D616765732F726F6F6D732F41312F696D675F322E6A7067222C0D0A0922696D616765732F726F6F6D732F41312F696D675F332E6A7067222C0D0A0922696D616765732F726F6F6D732F41312F696D675F342E6A7067220D0A5D, '2023-05-27 03:03:49', -1, NULL, NULL, 1);
INSERT INTO `rooms` VALUES (4, 'แต่วทะเลโต้คลื่น', 'A4', 6, 'เล็ก', 'Y', 'NPRU', 5, NULL, 0x5B0D0A0922696D616765732F726F6F6D732F41312F696D675F312E6A7067222C0D0A0922696D616765732F726F6F6D732F41312F696D675F322E6A7067222C0D0A0922696D616765732F726F6F6D732F41312F696D675F332E6A7067222C0D0A0922696D616765732F726F6F6D732F41312F696D675F342E6A7067220D0A5D, '2023-05-27 03:03:49', -1, NULL, NULL, 1);
INSERT INTO `rooms` VALUES (5, 'ดุดันไม่เกรงผ้าเหลือง', 'A5', 10, 'กลาง', 'B', 'NPRU', 5, NULL, 0x5B0D0A0922696D616765732F726F6F6D732F41312F696D675F312E6A7067222C0D0A0922696D616765732F726F6F6D732F41312F696D675F322E6A7067222C0D0A0922696D616765732F726F6F6D732F41312F696D675F332E6A7067222C0D0A0922696D616765732F726F6F6D732F41312F696D675F342E6A7067220D0A5D, '2023-05-27 03:03:49', -1, NULL, NULL, 1);


-- ----------------------------
-- Table structure for notification
-- ----------------------------
DROP TABLE IF EXISTS `notification`;
CREATE TABLE `notification`  (
  `N_ID` int NOT NULL AUTO_INCREMENT,
  `MESSAGE` mediumtext CHARACTER SET utf8mb4 COLLATE utf8mb4_unicode_ci NOT NULL,
  `READ` enum('Y','N') CHARACTER SET utf8mb4 COLLATE utf8mb4_unicode_ci NOT NULL DEFAULT 'N',
  `TO_USER` int NULL DEFAULT NULL,
  `CREATE_AT` datetime NOT NULL,
  `CREATE_BY` int NOT NULL,
  `UPDATE_AT` datetime NULL DEFAULT NULL,
  `UPDATE_BY` int NULL DEFAULT NULL,
  `IS_ACTIVE` int NOT NULL,
  PRIMARY KEY (`N_ID`) USING BTREE,
  INDEX `N_ToUser`(`TO_USER` ASC) USING BTREE,
  CONSTRAINT `notification_ibfk_1` FOREIGN KEY (`TO_USER`) REFERENCES `users` (`USER_ID`) ON DELETE CASCADE ON UPDATE RESTRICT
) ENGINE = InnoDB AUTO_INCREMENT = 22 CHARACTER SET = utf8mb4 COLLATE = utf8mb4_unicode_ci ROW_FORMAT = Dynamic;

-- ----------------------------
-- Records of notification
-- ----------------------------
INSERT INTO `notification` VALUES (1, 'คุณได้รับ ฆ?ฆ', 'Y', 21, '2023-06-29 20:24:34', -1, NULL, NULL, 1);
INSERT INTO `notification` VALUES (18, 'คุณได้รับ ฆ?ฆ', 'Y', 21, '2023-06-29 20:24:34', -1, NULL, NULL, 1);
INSERT INTO `notification` VALUES (19, 'คุณได้รับ ฆ?ฆ', 'Y', 21, '2023-06-29 20:24:34', -1, NULL, NULL, 1);
INSERT INTO `notification` VALUES (20, 'คุณได้รับ ฆ?ฆ', 'Y', 21, '2023-06-29 20:24:34', -1, NULL, NULL, 1);
INSERT INTO `notification` VALUES (21, 'คุณได้รับ ฆ?ฆ', 'Y', 21, '2023-06-29 20:24:34', -1, NULL, NULL, 1);

-- ----------------------------
-- Table structure for booking
-- ----------------------------
DROP TABLE IF EXISTS `booking`;
CREATE TABLE `booking`  (
  `B_ID` int NOT NULL AUTO_INCREMENT,
  `B_DATE` date NULL DEFAULT NULL,
  `B_TIME` varchar(10) CHARACTER SET utf8 COLLATE utf8_general_ci NULL DEFAULT NULL,
  `B_ROOM_ID` int NOT NULL,
  `B_USER_ID` int NOT NULL,
  `B_CHAIR` int NULL DEFAULT NULL,
  `REMARKS` varchar(255) CHARACTER SET utf8 COLLATE utf8_general_ci NULL DEFAULT NULL,
  `CREATE_AT` datetime NULL DEFAULT NULL,
  `CREATE_BY` int NULL DEFAULT NULL,
  `UPDATE_AT` datetime NULL DEFAULT NULL,
  `UPDATE_BY` int NULL DEFAULT NULL,
  `IS_ACTIVE` int NOT NULL DEFAULT 1 COMMENT '0 = Not Active, 1 = Active',
  `STATUS` varchar(40) CHARACTER SET utf8 COLLATE utf8_general_ci NULL DEFAULT 'WAITING',
  `APPROVE_BY` int NULL DEFAULT NULL,
  `APPROVE_AT` datetime NULL DEFAULT NULL,
  `CANCEL_BY` int NULL DEFAULT NULL,
  `CANCEL_AT` datetime NULL DEFAULT NULL,
  `EMP_REMARKS` varchar(255) CHARACTER SET utf8 COLLATE utf8_general_ci NULL DEFAULT NULL,
  PRIMARY KEY (`B_ID`, `B_ROOM_ID`, `B_USER_ID`) USING BTREE,
  INDEX `fk_b_room_id`(`B_ROOM_ID` ASC) USING BTREE,
  INDEX `fk_b_user_id`(`B_USER_ID` ASC) USING BTREE,
  CONSTRAINT `fk_b_room_id` FOREIGN KEY (`B_ROOM_ID`) REFERENCES `rooms` (`R_ID`) ON DELETE CASCADE ON UPDATE RESTRICT,
  CONSTRAINT `fk_b_user_id` FOREIGN KEY (`B_USER_ID`) REFERENCES `users` (`USER_ID`) ON DELETE CASCADE ON UPDATE RESTRICT
) ENGINE = InnoDB AUTO_INCREMENT = 17 CHARACTER SET = utf8 COLLATE = utf8_general_ci ROW_FORMAT = DYNAMIC;

-- ----------------------------
-- Records of booking
-- ----------------------------
INSERT INTO `booking` VALUES (12, '2023-06-24', 'MORNING', 1, 17, 6, '', '2023-06-24 15:56:17', 17, '2023-06-28 23:01:49', 21, 1, 'APPROVED', 21, '2023-06-28 23:01:49', NULL, NULL, '');
INSERT INTO `booking` VALUES (13, '2023-06-24', 'AFTERNOON', 1, 17, 2, '23r23', '2023-06-24 16:01:31', 17, NULL, NULL, 1, 'WAITING', NULL, NULL, NULL, NULL, NULL);
INSERT INTO `booking` VALUES (14, '2023-06-24', 'MORNING', 2, 17, 7, '', '2023-06-24 16:44:03', 17, NULL, NULL, 1, 'WAITING', NULL, NULL, NULL, NULL, NULL);
INSERT INTO `booking` VALUES (15, '2023-06-23', 'MORNING', 1, 17, 5, '', '2023-06-24 16:44:31', 17, NULL, NULL, 1, 'WAITING', NULL, NULL, NULL, NULL, NULL);
INSERT INTO `booking` VALUES (16, '2023-07-01', 'FULLDATE', 4, 17, 3, '', '2023-06-25 02:55:23', 17, NULL, NULL, 1, 'APPROVED', 1, '2023-06-25 02:55:23', NULL, NULL, NULL);


SET FOREIGN_KEY_CHECKS = 1;
